<?xml version="1.0" encoding="utf-8" ?>
<dwsync>
<file name="ad1.jpg" server="ftp.livrosdomaujor.com.br//public_html/" local="131514187732495622" remote="131554194600000000" Dst="2" />
<file name="ad1.svg" server="ftp.livrosdomaujor.com.br//public_html/" local="131504589473319927" remote="131554194600000000" Dst="2" />
<file name="ad2.jpg" server="ftp.livrosdomaujor.com.br//public_html/" local="131514188762868888" remote="131554194600000000" Dst="2" />
<file name="ad2.svg" server="ftp.livrosdomaujor.com.br//public_html/" local="131504591233842975" remote="131554194600000000" Dst="2" />
<file name="ad3.jpg" server="ftp.livrosdomaujor.com.br//public_html/" local="131514189841507905" remote="131554194600000000" Dst="2" />
<file name="ad3.svg" server="ftp.livrosdomaujor.com.br//public_html/" local="131504590963477494" remote="131554194600000000" Dst="2" />
<file name="ad4.jpg" server="ftp.livrosdomaujor.com.br//public_html/" local="131514191055507094" remote="131554194600000000" Dst="2" />
<file name="ad5.jpg" server="ftp.livrosdomaujor.com.br//public_html/" local="131514191295992263" remote="131554194600000000" Dst="2" />
<file name="ad4.svg" server="ftp.livrosdomaujor.com.br//public_html/" local="131504592399470956" remote="131554194600000000" Dst="2" />
<file name="ad5.svg" server="ftp.livrosdomaujor.com.br//public_html/" local="131504592877026783" remote="131554194600000000" Dst="2" />
<file name="banner.jpg" server="ftp.livrosdomaujor.com.br//public_html/" local="131504178036763797" remote="131554194600000000" Dst="2" />
<file name="capa-livro.jpg" server="ftp.livrosdomaujor.com.br//public_html/" local="131503265347292997" remote="131554194600000000" Dst="2" />
<file name="capa1.jpg" server="ftp.livrosdomaujor.com.br//public_html/" local="131503296938919256" remote="131554194600000000" Dst="2" />
<file name="capa10.jpg" server="ftp.livrosdomaujor.com.br//public_html/" local="131503306872201534" remote="131554194600000000" Dst="2" />
<file name="capa11.jpg" server="ftp.livrosdomaujor.com.br//public_html/" local="131503306609745407" remote="131554194600000000" Dst="2" />
<file name="capa12.jpg" server="ftp.livrosdomaujor.com.br//public_html/" local="131503306394887995" remote="131554194600000000" Dst="2" />
<file name="capa13.jpg" server="ftp.livrosdomaujor.com.br//public_html/" local="131503306131374718" remote="131554194600000000" Dst="2" />
<file name="capa14.jpg" server="ftp.livrosdomaujor.com.br//public_html/" local="131503305929818637" remote="131554194600000000" Dst="2" />
<file name="capa15.jpg" server="ftp.livrosdomaujor.com.br//public_html/" local="131503305460218628" remote="131554194600000000" Dst="2" />
<file name="capa2.jpg" server="ftp.livrosdomaujor.com.br//public_html/" local="131503296573732528" remote="131554194600000000" Dst="2" />
<file name="capa3.jpg" server="ftp.livrosdomaujor.com.br//public_html/" local="131503295924875485" remote="131554194600000000" Dst="2" />
<file name="capa4.jpg" server="ftp.livrosdomaujor.com.br//public_html/" local="131503294643504997" remote="131554194600000000" Dst="2" />
<file name="capa5.jpg" server="ftp.livrosdomaujor.com.br//public_html/" local="131503294434820877" remote="131554194600000000" Dst="2" />
<file name="capa6.jpg" server="ftp.livrosdomaujor.com.br//public_html/" local="131503294083123612" remote="131554194600000000" Dst="2" />
<file name="capa7.jpg" server="ftp.livrosdomaujor.com.br//public_html/" local="131503293781183081" remote="131554194600000000" Dst="2" />
<file name="capa8.jpg" server="ftp.livrosdomaujor.com.br//public_html/" local="131503292706293379" remote="131554194600000000" Dst="2" />
<file name="capa9.jpg" server="ftp.livrosdomaujor.com.br//public_html/" local="131503305213265381" remote="131554194600000000" Dst="2" />
<file name="placeholder-twitter.jpg" server="ftp.livrosdomaujor.com.br//public_html/" local="131514195653912159" remote="131554194600000000" Dst="2" />
<file name="placeholder-facebook.jpg" server="ftp.livrosdomaujor.com.br//public_html/" local="131514195887048322" remote="131554194600000000" Dst="2" />
</dwsync>