<?xml version="1.0" encoding="utf-8" ?>
<dwsync>
<file name="card10.jpg" server="ftp.livrosdomaujor.com.br//public_html/" local="131498099937889071" remote="131554194600000000" Dst="2" />
<file name="card1.jpg" server="ftp.livrosdomaujor.com.br//public_html/" local="131498086909669096" remote="131554194600000000" Dst="2" />
<file name="card11.jpg" server="ftp.livrosdomaujor.com.br//public_html/" local="131498100818406543" remote="131554194600000000" Dst="2" />
<file name="card2.jpg" server="ftp.livrosdomaujor.com.br//public_html/" local="131498085491759097" remote="131554194600000000" Dst="2" />
<file name="card3.jpg" server="ftp.livrosdomaujor.com.br//public_html/" local="131498088977895020" remote="131554194600000000" Dst="2" />
<file name="card12.jpg" server="ftp.livrosdomaujor.com.br//public_html/" local="131498101627917527" remote="131554194600000000" Dst="2" />
<file name="card4.jpg" server="ftp.livrosdomaujor.com.br//public_html/" local="131498088147274852" remote="131554194600000000" Dst="2" />
<file name="card6.jpg" server="ftp.livrosdomaujor.com.br//public_html/" local="131498091621986899" remote="131554194600000000" Dst="2" />
<file name="card5.jpg" server="ftp.livrosdomaujor.com.br//public_html/" local="131498097229882765" remote="131554194600000000" Dst="2" />
<file name="card8.jpg" server="ftp.livrosdomaujor.com.br//public_html/" local="131498094760610518" remote="131554194600000000" Dst="2" />
<file name="card7.jpg" server="ftp.livrosdomaujor.com.br//public_html/" local="131498092077467132" remote="131554194600000000" Dst="2" />
<file name="card9.jpg" server="ftp.livrosdomaujor.com.br//public_html/" local="131498098612022546" remote="131554194600000000" Dst="2" />
</dwsync>