<?xml version="1.0" encoding="utf-8" ?>
<dwsync>
<file name="azulejo.jpg" server="ftp.livrosdomaujor.com.br//public_html/" local="131035029697703958" remote="131554194600000000" Dst="2" />
<file name="boiler.jpg" server="ftp.livrosdomaujor.com.br//public_html/" local="131035030432485783" remote="131554194600000000" Dst="2" />
<file name="bomba.jpg" server="ftp.livrosdomaujor.com.br//public_html/" local="131035030932351665" remote="131554194600000000" Dst="2" />
<file name="caixa-dagua.jpg" server="ftp.livrosdomaujor.com.br//public_html/" local="131035031275944868" remote="131554194600000000" Dst="2" />
<file name="cal.jpg" server="ftp.livrosdomaujor.com.br//public_html/" local="131035031676742241" remote="131554194600000000" Dst="2" />
<file name="carrinho-mao.jpg" server="ftp.livrosdomaujor.com.br//public_html/" local="131035032311884996" remote="131554194600000000" Dst="2" />
<file name="cimento.jpg" server="ftp.livrosdomaujor.com.br//public_html/" local="131035033281061885" remote="131554194600000000" Dst="2" />
<file name="kit-bosh.jpg" server="ftp.livrosdomaujor.com.br//public_html/" local="131035033907096919" remote="131554194600000000" Dst="2" />
<file name="pendente.jpg" server="ftp.livrosdomaujor.com.br//public_html/" local="131035034398619552" remote="131554194600000000" Dst="2" />
<file name="porcelanato.jpg" server="ftp.livrosdomaujor.com.br//public_html/" local="131035034748753670" remote="131554194600000000" Dst="2" />
<file name="revestimento.jpg" server="ftp.livrosdomaujor.com.br//public_html/" local="131035035116311208" remote="131554194600000000" Dst="2" />
<file name="tijolo.jpg" server="ftp.livrosdomaujor.com.br//public_html/" local="131035035431873072" remote="131554194600000000" Dst="2" />
</dwsync>